<?xml version="1.0" encoding="UTF-8"?>
<jcr:root xmlns:sling="http://sling.apache.org/jcr/sling/1.0" xmlns:cq="http://www.day.com/jcr/cq/1.0" xmlns:jcr="http://www.jcp.org/jcr/1.0" xmlns:nt="http://www.jcp.org/jcr/nt/1.0"
    jcr:isCheckedOut="{Boolean}false"
    jcr:primaryType="cq:WorkflowModel"
    jcr:uuid="9a1b9aba-ed6e-45b2-96b8-957a248da607"
    sling:resourceType="cq/workflow/components/model"
    description="Workflow to update an existing language copy using a launch"
    title="WCM: Update Language Copy">
    <metaData
        cq:generatingPage="/conf/global/settings/workflow/models/wcm-translation/update_language_copy/jcr:content"
        cq:lastModified="{Long}1600454163209"
        cq:lastModifiedBy="admin"
        jcr:primaryType="nt:unstructured"
        tags="wcm"/>
    <nodes jcr:primaryType="nt:unstructured">
        <node0
            jcr:primaryType="cq:WorkflowNode"
            title="Start"
            type="START">
            <metaData jcr:primaryType="nt:unstructured"/>
        </node0>
        <node1
            jcr:primaryType="cq:WorkflowNode"
            description="Create launch for an existing language copy"
            title="Create Language Copy Launch"
            type="PROCESS">
            <metaData
                jcr:primaryType="nt:unstructured"
                PROCESS="com.adobe.cq.wcm.translation.impl.process.CreateLanguageCopyLaunchProcess"
                PROCESS_ARGS="/libs/msm/wcm/rolloutconfigs/pushonmodify /libs/msm/launches/rolloutconfigs/pushonmodifyshallow /libs/msm/launches/rolloutconfigs/launch"
                PROCESS_AUTO_ADVANCE="true"/>
        </node1>
        <node2
            jcr:primaryType="cq:WorkflowNode"
            description="Replace language copy launch content with master language content"
            title="Inject Master Language into Launch"
            type="PROCESS">
            <metaData
                jcr:primaryType="nt:unstructured"
                PROCESS="com.adobe.cq.wcm.translation.impl.process.InjectMasterLanguageIntoLaunchProcess"
                PROCESS_AUTO_ADVANCE="true"/>
        </node2>
        <node3
            jcr:primaryType="cq:WorkflowNode"
            title="Stjude SlingAlias Process"
            type="PROCESS">
            <metaData
                jcr:primaryType="nt:unstructured"
                PROCESS="langcopyextn.core.workflow.StjudeSlingAliasUpdateProcess"
                PROCESS_AUTO_ADVANCE="true"/>
        </node3>
        <node4
            jcr:primaryType="cq:WorkflowNode"
            title="End"
            type="END">
            <metaData jcr:primaryType="nt:unstructured"/>
        </node4>
    </nodes>
    <transitions jcr:primaryType="nt:unstructured">
        <node0_x0023_node1
            jcr:primaryType="cq:WorkflowTransition"
            from="node0"
            rule=""
            to="node1">
            <metaData jcr:primaryType="nt:unstructured"/>
        </node0_x0023_node1>
        <node1_x0023_node2
            jcr:primaryType="cq:WorkflowTransition"
            from="node1"
            rule=""
            to="node2">
            <metaData jcr:primaryType="nt:unstructured"/>
        </node1_x0023_node2>
        <node2_x0023_node3
            jcr:primaryType="cq:WorkflowTransition"
            from="node2"
            rule=""
            to="node3">
            <metaData jcr:primaryType="nt:unstructured"/>
        </node2_x0023_node3>
        <node3_x0023_node4
            jcr:primaryType="cq:WorkflowTransition"
            from="node3"
            to="node4">
            <metaData jcr:primaryType="nt:unstructured"/>
        </node3_x0023_node4>
    </transitions>
</jcr:root>
